[
  { "label": "`", "size": "small", "class": "key-gray" },
  { "label": "1", "size": "small", "class": "key-indigo" },
  { "label": "2", "size": "small", "class": "key-indigo" },
  { "label": "3", "size": "small", "class": "key-green" },
  { "label": "4", "size": "small", "class": "key-pink" },
  { "label": "5", "size": "small", "class": "key-mint" },
  { "label": "6", "size": "small", "class": "key-mint" },
  { "label": "7", "size": "small", "class": "key-yellow" },
  { "label": "8", "size": "small", "class": "key-pink" },
  { "label": "9", "size": "small", "class": "key-green" },
  { "label": "0", "size": "small", "class": "key-indigo" },
  { "label": "-", "size": "small", "class": "key-indigo" },
  { "label": "=", "size": "small", "class": "key-indigo" },
  { "label": "BACK", "size": "medium", "class": "key-gray" },
  { "label": "TAB ", "size": "medium", "class": "key-gray" },
  { "label": "Й", "size": "small", "class": "key-indigo" },
  { "label": "Ц", "size": "small", "class": "key-green" },
  { "label": "У", "size": "small", "class": "key-pink" },
  { "label": "К", "size": "small", "class": "key-mint" },
  { "label": "Е", "size": "small", "class": "key-mint" },
  { "label": "Н", "size": "small", "class": "key-yellow" },
  { "label": "Г", "size": "small", "class": "key-yellow" },
  { "label": "Ш", "size": "small", "class": "key-pink" },
  { "label": "Щ", "size": "small", "class": "key-green" },
  { "label": "З", "size": "small", "class": "key-indigo" },
  { "label": "Х", "size": "small", "class": "key-indigo" },
  { "label": "Ї", "size": "small", "class": "key-indigo" },
  { "label": "\\", "size": "small", "class": "key-gray" },
  { "label": "   CAPS   ", "size": "medium", "class": "key-gray" },
  { "label": "Ф", "size": "small", "class": "key-indigo" },
  { "label": "І", "size": "small", "class": "key-green" },
  { "label": "В", "size": "small", "class": "key-pink" },
  { "label": "А", "size": "small", "class": "key-mint" },
  { "label": "П", "size": "small", "class": "key-mint" },
  { "label": "Р", "size": "small", "class": "key-yellow" },
  { "label": "О", "size": "small", "class": "key-yellow" },
  { "label": "Л", "size": "small", "class": "key-pink" },
  { "label": "Д", "size": "small", "class": "key-green" },
  { "label": "Ж", "size": "small", "class": "key-indigo" },
  { "label": "Є", "size": "small", "class": "key-indigo" },
  { "label": "   ENTER   ", "size": "medium", "class": "key-gray" },
  { "label": "SHIFT ", "size": "medium", "class": "key-gray" },
  { "label": "Я", "size": "small", "class": "key-indigo" },
  { "label": "Ч", "size": "small", "class": "key-green" },
  { "label": "С", "size": "small", "class": "key-pink" },
  { "label": "М", "size": "small", "class": "key-mint" },
  { "label": "И", "size": "small", "class": "key-mint" },
  { "label": "Т", "size": "small", "class": "key-yellow" },
  { "label": "Ь", "size": "small", "class": "key-yellow" },
  { "label": "Б", "size": "small", "class": "key-pink" },
  { "label": "Ю", "size": "small", "class": "key-green" },
  { "label": ".", "size": "small", "class": "key-indigo" },
  { "label": "SHIFT ", "size": "medium", "class": "key-gray"}
]
